"Codigo";"Latitude";"Longitude";"Area";"Nome";"Horario_Brasilia";"Horario_Rondonia";"Horario_Acre";"Nivel_Atual";"Var_Nivel_24";"Var_Nivel_7d";"Var_Nivel_14d";"Var_Nivel_21d";"Acum_Chuva_24";"Acum_Chuva_96";"Rio";"Passado";"C_Max";"Ano_Max";"Mediana";"Minima_Dia";"Maxima_Dia";"Percentil";"SPI";"Atencao";"Alerta";"Inunda";"Status"
10100000;-4,235;-69,945;874000;"Tabatinga";2025-12-14 08:15:00;2025-12-14 07:15:00;2025-12-14 06:15:00;934;-16;-50;-11;;0;0;"SOLIMOES";597;;"1999";813;268;1075;"80%-90%";;;;;
10500000;-4,341;-70,906;61400;"ESTIRÃO DO REPOUSO";2025-12-14 21:45:00;2025-12-14 20:45:00;2025-12-14 19:45:00;1312;;;;;3,4;15,6;"JAVARI";888;;"2019";1235;613;1585;"80%-90%";;;;;
10910000;-4,584;-70,264;36900;"LADÁRIO - JUSANTE";2025-12-14 20:45:00;2025-12-14 19:45:00;2025-12-14 18:45:00;1348;;;;;40,8;76,4;"ITACUAI";1312;;"2001";1328,5;944;1547;"40%-50%";;;;;
11400000;-3,457;-68,912;1010000;"SÃO PAULO DE OLIVENÇA";2025-12-07 10:00:00;2025-12-07 09:00:00;2025-12-07 08:00:00;1198;;;138;;0;0;"SOLIMÕES";807;;"2015";969,5;524;1213;"90%-100%";;;;;
12240000;-3,337;-67,492;64400;"PORTO SEGURO";2025-11-18 07:00:00;2025-11-18 06:00:00;2025-11-18 05:00:00;1094;13;20;36;99;0;0;"JUTAÍ";1032;;"2015";1176;921;1304;"10%-20%";;;;;
12351000;-2,491;-66,062;1220000;"Fonte Boa";2025-12-03 01:30:00;2025-12-03 00:30:00;2025-12-02 23:30:00;1797;9;75;143;202;0;0;"SOLIMOES";1399;;"2015";1656;1222;1892;"80%-90%";;;;;
12500000;-7,633;-72,66;37800;"Cruzeiro do Sul";2025-12-15 08:00:00;2025-12-15 07:00:00;2025-12-15 06:00:00;1189;-2;256;137;449;0;41,6;"JURUÁ";;;"2009";820;355;1266;"90%-100%";;1000;1180;1300;"Alerta"
12520000;-7,056;-71,689;56100;"IPIXUNA";2025-09-30 10:45:00;2025-09-30 09:45:00;2025-09-30 08:45:00;394;;;;75;0;0;"JURUÁ";664;;"1986";1029;390;1328;"0%-10%";;;;;
12590000;-8,152;-70,746;8770;"PONTE DE TARAUACÁ";2025-12-15 08:00:00;2025-12-15 07:00:00;2025-12-15 06:00:00;718;-81;-82;145;43;3,6;21,8;"TARAUACÁ";580;;"2017";529,5;388;660;"100%-Máxima";;;;;
12650000;-8,164;-70,356;17000;"Feijó";2025-06-09 19:00:00;2025-06-09 18:00:00;2025-06-09 17:00:00;487;18;-67;-132;-31;0;0;"FEIJÓ";720;;"2021";753;474;1194;"0%-10%";;1200;1350;1400;"Normal"
12845000;-1,395;-69,428;206000;"VILA BITTENCOURT";2025-12-08 07:00:00;2025-12-08 06:00:00;2025-12-08 05:00:00;1018;-26;-66;-20;-14;0;0;"JAPURÁ";719;;"1989";813;507;1005;"100%-Máxima";;;;;
12850000;-1,821;-66,609;249000;"ACANAUI";2025-12-14 20:45:00;2025-12-14 19:45:00;2025-12-14 18:45:00;1060;;-83;;0;0;0;"JAPURÁ";778;;"1989";893;643;1110;"80%-90%";;;;;
13150000;-4,058;-63,028;1780000;"Itapéua";2024-11-25 17:00:00;2024-11-25 16:00:00;2024-11-25 15:00:00;329;-4;-24;136;;0;0;"SOLIMOES";556;;"2020";932;537;1219;"Mínima-0%";;;;;
13150003;-4,086;-63,083;1780000;"COARI";2025-12-14 18:30:00;2025-12-14 17:30:00;2025-12-14 16:30:00;1139;7;;;;0;0;"SOLIMÕES";537;;"2015";867;497;1128;"100%-Máxima";;;;;
13169900;-9,434;-70,494;15917;"SANTA ROSA DO PURUS - SEDE";2025-12-15 08:00:00;2025-12-15 07:00:00;2025-12-15 06:00:00;303;;;;-285;0;0;"PURUS";;;"2021";466,5;320;737;"Mínima-0%";;;;;
13180000;-8,889;-69,275;32800;"MANOEL URBANO";2025-12-15 08:00:00;2025-12-15 07:00:00;2025-12-15 06:00:00;788;-20;-54;-9;-49;3,6;36,8;"PURUS";537;;"1997";749;410;1154;"50%-60%";;;;;
13300000;-9,374;-68,724;11200;"SERINGAL SÃO JOSÉ";2025-12-15 07:45:00;2025-12-15 06:45:00;2025-12-15 05:45:00;529;-13;-117;-23;-102;16;48,2;"IACO";512;;"1999";637;333;1216;"20%-30%";;;;;
13310000;-9,068;-68,653;18000;"Sena Madureira";2025-12-15 08:00:00;2025-12-15 07:00:00;2025-12-15 06:00:00;775;-67;;;;0,2;11,2;"IACO";616;;"2021";697;359;1038;"50%-60%";;1300;1400;1520;"Normal"
13450000;-10,944;-69,566;3760;"ASSIS BRASIL";2025-03-25 17:15:00;2025-03-25 16:15:00;2025-03-25 15:15:00;324;-46;-124;-220;-125;0;0;"ACRE";;;"2012";341;214;627;"40%-50%";;1000;1130;1250;"Normal"
13470000;-11,018;-68,745;7020;"BRASILEIA";2025-12-15 07:15:00;2025-12-15 06:15:00;2025-12-15 05:15:00;338;115;-90;69;97;3,6;7,4;"ACRE";158;;"2024";290,5;115;810;"60%-70%";;880;980;1140;"Normal"
13540000;-10,561;-68,705;3730;"COLONIA DOLORES";2025-12-15 08:00:00;2025-12-15 07:00:00;2025-12-15 06:00:00;414;-24;-489;-37;60;0;16,2;"XAPURI";302;;"2015";380;307;796;"56%-67%";;;;;
13550000;-10,651;-68,508;8270;"XAPURI";2025-12-15 07:30:00;2025-12-15 06:30:00;2025-12-15 05:30:00;359;-54;-441;-103;-45;0;4;"ACRE";240;;"2015";459,5;225;965;"30%-40%";;1150;1250;1340;"Normal"
13568000;-10,389;-67,935;15000;"CAPIXABA";2025-12-15 07:15:00;2025-12-15 06:15:00;2025-12-15 05:15:00;388;0;-431;-168;57;5,6;15,8;"ACRE";;;;;;;;;;;;
13572000;-10,005;-68,529;3210;"ESPALHA";2025-12-15 07:15:00;2025-12-15 06:15:00;2025-12-15 05:15:00;612;-39;-174;144;430;0;1;"DO ROLA";;;;;;;;;;;;
13578000;-10,057;-67,964;6520;"RIO ROLA";2025-12-15 07:15:00;2025-12-15 06:15:00;2025-12-15 05:15:00;741;-21;105;403;634;0;47,8;"DO ROLA";499;;"2023";431;140;975;"90%-100%";;;;;
13600002;-9,975;-67,801;23500;"RIO BRANCO";2025-12-15 07:30:00;2025-12-15 06:30:00;2025-12-15 05:30:00;0;-696;-940;-661;-341;14;40,6;"ACRE";467;;"2015";613;286;1346;"Mínima-0%";;1250;1350;1400;"Normal"
13650000;-9,067;-67,397;34400;"Floriano Peixoto";2025-11-30 17:00:00;2025-11-30 16:00:00;2025-11-30 15:00:00;778;58;-7;;;0;0;"ACRE";1158;;"1997";1003;545;1576;"20%-30%";;;;;
13710001;-8,653;-67,375;105000;"Valparaíso Montante";2025-12-14 09:45:00;2025-12-14 08:45:00;2025-12-14 07:45:00;1321;;;;341;27;28;"PURUS";964;;"1979";1054,5;490;1625;"80%-90%";;;;;
13870000;-7,258;-64,798;226000;"LÁBREA";2025-12-14 21:45:00;2025-12-14 20:45:00;2025-12-14 19:45:00;1373;;;;;0;21;"PURUS";951;;"1997";1089,5;329;1777;"70%-80%";;;;;
13990000;-3,899;-61,374;378000;"Beruri";2025-12-15 08:00:00;2025-12-15 07:00:00;2025-12-15 06:00:00;1400;9;62;147;214;0;0;"PURUS";813;;"2015";1217;801;1535;"80%-90%";;;;;
14100000;-3,311;-60,609;2200000;"Manacapuru";2025-12-15 07:15:00;2025-12-15 06:15:00;2025-12-15 05:15:00;1252;8;60;137;194;0;0;"SOLIMOES";695;;"2021";1096,5;679;1395;"80%-90%";;1700;1770;1960;"Normal"
14320001;-0,137;-67,086;193000;"São Gabriel da Cachoeira";2024-10-22 16:45:00;2024-10-22 15:45:00;2024-10-22 14:45:00;193;;;;;0;0;"NEGRO";;;;;;;;;;;;
14400000;-0,42;-65,015;262000;"Tapuruquara";2024-10-22 16:45:00;2024-10-22 15:45:00;2024-10-22 14:45:00;193;;;;;0;0;"NEGRO";;;;;;;;;;;;
14420000;-0,482;-64,829;293000;"Serrinha";2025-12-15 07:30:00;2025-12-15 06:30:00;2025-12-15 05:30:00;623;-7;-36;-37;-10;6;6;"NEGRO";483;;"2019";622;440;787;"40%-50%";;;;;
14480002;-0,966;-62,931;379000;"Barcelos";2025-12-15 08:00:00;2025-12-15 07:00:00;2025-12-15 06:00:00;393;-3;-13;7;31;1;5;"NEGRO";230;;"2022";350;149;532;"60%-70%";;;;;
14489000;3,353;-61,422;26700;"MARACA";2025-12-15 07:45:00;2025-12-15 06:45:00;2025-12-15 05:45:00;464;-6;-47;-43;-16;0;0;"URARICOERA";411;;"2021";478,5;358;806;"40%-50%";;;;;
14495000;3,438;-61,037;36900;"FAZENDA CAJUPIRANGA";2025-12-15 08:15:00;2025-12-15 07:15:00;2025-12-15 06:15:00;549;-8;-52;-42;-16;0;0;"URARICOERA";497;;"2021";542;447;904;"50%-60%";;;;;
14515000;3,208;-60,571;50200;"FAZENDA PASSARAO";2025-12-15 07:30:00;2025-12-15 06:30:00;2025-12-15 05:30:00;661;-12;-69;-32;-5;0;0;"URARICOERA";576;;"2011";626;516;1024;"70%-80%";;;;;
14527000;3,568;-59,888;24300;"PONTE DO TACUTU";2025-12-15 07:30:00;2025-12-15 06:30:00;2025-12-15 05:30:00;488;-1;-17;39;54;1;1;"TACUTU";464;;"2011";479,5;393;683;"60%-70%";;;;;
14530000;4,196;-60,794;2280;"VILA SURUMU";2025-12-15 08:00:00;2025-12-15 07:00:00;2025-12-15 06:00:00;316;-3;-13;-183;3;0;0,4;"SURUMU";285;;"2022";308;254;398;"50%-60%";;;;;
14540000;4,631;-60,471;3210;"FAZENDA BANDEIRA BRANCA";2025-12-15 07:45:00;2025-12-15 06:45:00;2025-12-15 05:45:00;164;-21;9;12;12;0,2;0,8;"COTINGO";144;;"2011";162;82;352;"50%-60%";;;;;
14558000;3,318;-60,345;40600;"FAZENDA PARAISO";2025-12-15 08:00:00;2025-12-15 07:00:00;2025-12-15 06:00:00;519;-2;-45;21;17;0;0;"TACUTU";488;;"2017";494;428;755;"60%-70%";;;;;
14620000;2,827;-60,656;97200;"BOA VISTA";2025-12-15 07:30:00;2025-12-15 06:30:00;2025-12-15 05:30:00;138;-10;-68;-14;4;3;3;"BRANCO";56;;"2011";164;3;486;"40%-50%";;750;800;850;"Normal"
14680001;2,871;-61,441;12200;"FE E ESPERANCA";2025-12-15 07:30:00;2025-12-15 06:30:00;2025-12-15 05:30:00;266;-9;-44;-46;-27;1,4;1,6;"MUCAJAÍ";226;;"1976";248;162;468;"60%-70%";;;;;
14690000;2,471;-60,918;19800;"MUCAJAI";2025-12-15 07:30:00;2025-12-15 06:30:00;2025-12-15 05:30:00;1007;-5;-102;-69;-46;0,8;10,8;"MUCAJAÍ";873;;"2011";954;824;1264;"70%-80%";;;;;
14710000;1,821;-61,124;126000;"CARACARAI";2025-12-15 08:15:00;2025-12-15 07:15:00;2025-12-15 06:15:00;226;-12;-65;3;11;7,6;9,4;"BRANCO";118;;"2011";160;53;651;"70%-80%";;800;850;900;"Normal"
14790000;-0,505;-61,786;184000;"SANTA MARIA DO BOIAÇU";2025-12-15 08:00:00;2025-12-15 07:00:00;2025-12-15 06:00:00;568;-10;4;66;61;14,6;15;"BRANCO";351;;"2011";467,5;248;940;"80%-90%";;;;;
14840000;-1,457;-61,635;593000;"MOURA";2025-12-14 19:00:00;2025-12-14 18:00:00;2025-12-14 17:00:00;646;2;45;96;120;0,8;0,8;"NEGRO";304;;"2022";570;241;885;"70%-80%";;;;;
14990000;-3,138;-60,027;712000;"Manaus";2025-12-15 07:45:00;2025-12-15 06:45:00;2025-12-15 05:45:00;2113;8;60;140;191;0;0;"NEGRO";;;"2012";1978;1594;2333;"80%-90%";;2650;2750;2900;"Normal"
15050001;-15,215;-59,354;2990;"PONTES E LACERDA";2025-07-21 12:30:00;2025-07-21 11:30:00;2025-07-21 10:30:00;65;;;;;0;0;"GUAPORÉ";;;;;;;;;;;;
15124009;-13,513;-60,53;3600;"CABIXI";2025-12-15 07:45:00;2025-12-15 06:45:00;2025-12-15 05:45:00;323;18;-55;76;21;0;24,4;"CABIXI";229;;"2002";351;198;443;"30%-40%";;;;;
15130000;-13,486;-61,05;54400;"PIMENTEIRAS";2025-12-15 08:00:00;2025-12-15 07:00:00;2025-12-15 06:00:00;431;-4;40;84;96;0;1,4;"GUAPORÉ";383;;"1988";416,5;306;645;"50%-60%";;;;;
15150000;-12,851;-62,899;110000;"Pedras Negras";2025-12-15 07:15:00;2025-12-15 06:15:00;2025-12-15 05:15:00;363;5;41;66;80;0;0;"GUAPORÉ";327;;"1988";369;263;531;"40%-50%";;;;;
15200000;-12,427;-64,425;341000;"Príncípe da Beira";2025-12-15 07:30:00;2025-12-15 06:30:00;2025-12-15 05:30:00;490;5;54;69;82;0;48,2;"GUAPORÉ";483;;"2014";545,5;409;819;"30%-40%";;;;;
15248010;-10,918;-65,043;4390;"BOCA DO POMPEU - JUSANTE";2025-10-17 16:45:00;2025-10-17 15:45:00;2025-10-17 14:45:00;85;0;-4;-11;-9;0;0;"OURO PRETO";315;;"2020";232;110;527;"Mínima-0%";;;;;
15250000;-10,793;-65,348;609000;"GUAJARA-MIRIM";2025-12-15 07:30:00;2025-12-15 06:30:00;2025-12-15 05:30:00;750;3;27;19;68;19,6;28,2;"MAMORE";755;;"2014";758;507;963;"40%-50%";;930;1020;1110;"Normal"
15318000;-10,348;-65,357;834000;"UHE JIRAU JUSANTE RIO BENI";2025-12-15 08:15:00;2025-12-15 07:15:00;2025-12-15 06:15:00;1312;-4;28;32;10;54;88,8;"MADEIRA";;;"2014";1269;1087;1420;"60%-70%";;;;;
15320002;-9,705;-65,367;921000;"ABUNÃ";2025-12-15 07:30:00;2025-12-15 06:30:00;2025-12-15 05:30:00;1822;0;97;180;195;11,4;26,8;"MADEIRA";1608;;"2014";1409,5;939;1881;"90%-100%";;;;;
15324000;-10,338;-67,183;7740;"PLÁCIDO DE CASTRO";2025-12-15 08:15:00;2025-12-15 07:15:00;2025-12-15 06:15:00;877;9;168;246;406;19;74,6;"ABUNÃ";626;;"2012";566,5;253;1043;"80%-90%";;;;;
15326000;-9,785;-65,528;31100;"MORADA NOVA JUSANTE";2025-12-15 07:30:00;2025-12-15 06:30:00;2025-12-15 05:30:00;1116;2;50;86;158;37,2;53;"ABUNÃ?";1108;;"2014";1060;885;1206;"80%-90%";;;;;
15400000;-8,748;-63,917;976000;"PORTO VELHO";2025-12-15 07:15:00;2025-12-15 06:15:00;2025-12-15 05:15:00;860;11;108;76;59;6,4;18,4;"MADEIRA";849;;"2014";912;452;1214;"40%-50%";;1400;1500;1700;"Normal"
15430000;-9,926;-63,071;8140;"Ariquemes";2025-12-15 08:00:00;2025-12-15 07:00:00;2025-12-15 06:00:00;398;-2;-139;-7;224;2,8;32;"JAMARI";375;;"2007";357;208;713;"70%-80%";;;;;
15490000;-8,452;-63,518;977000;"PROSPERIDADE";2025-12-15 08:15:00;2025-12-15 07:15:00;2025-12-15 06:15:00;1010;15;138;97;100;13,2;22,4;"MADEIRA";967;;"2014";949;593;1319;"60%-70%";;;;;
15490200;-8,426;-63,484;1400000;"SÃO CARLOS";2025-03-31 17:00:00;2025-03-31 16:00:00;2025-03-31 15:00:00;1938;4;18;50;96;0;0;"MADEIRA";;;;;;;;;;;;
15490600;-8,584;-63,733;1400000;"PORTO VELHO";2025-03-31 17:00:00;2025-03-31 16:00:00;2025-03-31 15:00:00;1859;-1;19;61;112;0;0;"MADEIRA";;;;;;;;;;;;
15550000;-8,799;-63,711;12700;"SANTA ISABEL";2025-12-15 07:45:00;2025-12-15 06:45:00;2025-12-15 05:45:00;1232;-2;26;61;218;10,4;34;"CANDEIAS";1061;;"2019";1139,5;984;1603;"70%-80%";;;;;
15552600;-11,749;-60,868;4360;"FAZENDA FLOR DO CAMPO";2025-12-15 08:00:00;2025-12-15 07:00:00;2025-12-15 06:00:00;334;3;-18;25;40;12,2;25,4;"COMEMORAÇÃO";266;;"1987";311;275;446;"80%-90%";;;;;
15558000;-11,684;-61,192;10100;"PIMENTA BUENO";2025-12-15 03:45:00;2025-12-15 02:45:00;2025-12-15 01:45:00;539;-10;;-11;83;16;33;"PIMENTA BUENO";448;;"2014";502;402;682;"60%-70%";;;;;
15558200;-11,444;-61,441;17900;"CACOAL";2025-08-16 23:30:00;2025-08-16 22:30:00;2025-08-16 21:30:00;39;;;;;0;0;"PIRARARA";;;"2022";144;106;195;"Mínima-0%";;;;;
15559000;-11,653;-61,215;16100;"SÍTIO BELA VISTA";2025-12-15 08:00:00;2025-12-15 07:00:00;2025-12-15 06:00:00;310;1;-92;-1;88;13;32,2;"MACHADO";210;;"2014";267,5;172;559;"70%-80%";;;;;
15560000;-10,874;-61,936;32800;"JI-PARANA";2025-12-15 07:00:00;2025-12-15 06:00:00;2025-12-15 05:00:00;769;6;-111;48;74;1,8;6,8;"MACHADO";728;;"2022";757;664;982;"50%-60%";;;;;
15564000;-10,832;-62,893;133;"JARUARU";2025-12-15 08:00:00;2025-12-15 07:00:00;2025-12-15 06:00:00;427;1;1;-14;375;48;80;"JARU";92;;"2014";101;16;1035;"89%-100%";;;;;
15580000;-8,932;-62,056;60200;"Tabajara";2025-12-15 07:45:00;2025-12-15 06:45:00;2025-12-15 05:45:00;667;-28;-146;86;228;0;39;"MACHADO";603;;"2019";613;356;970;"70%-80%";;;;;
15627000;-8,18;-63,091;1020424;"UHE_PAPAGAIO";2025-12-15 07:30:00;2025-12-15 06:30:00;2025-12-15 05:30:00;4540;12;145;105;142;0;62,5;"MADEIRA";;;;;;;;;;;;
15627300;-8,193;-63,133;1400000;"ESPÍRITO SANTO";2025-03-31 16:00:00;2025-03-31 15:00:00;2025-03-31 14:00:00;1899;3;11;39;87;0;0;"MADEIRA";;;;;;;;;;;;
15627400;-8,081;-62,878;1400000;"CALAMA";2025-11-16 09:00:00;2025-11-16 08:00:00;2025-11-16 07:00:00;683;-24;;-16;-35;0;0;"MADEIRA";;;;;;;;;;;;
15630000;-7,503;-63,018;1090000;"HUMAITÁ";2025-12-15 07:30:00;2025-12-15 06:30:00;2025-12-15 05:30:00;1654;0;137;109;187;0;1,2;"MADEIRA";1579;;"2014";1560;1199;1965;"60%-70%";;;;;
15700000;-5,817;-61,302;1150000;"MANICORÉ";2025-12-06 09:45:00;2025-12-06 08:45:00;2025-12-06 07:45:00;1792;;;;;0;0;"MADEIRA";;;;;;;;;;;;
15860000;-4,897;-60,025;1310000;"FAZENDA VISTA ALEGRE";2025-12-07 09:45:00;2025-12-07 08:45:00;2025-12-07 07:45:00;1396;;;166;195;0;0;"MADEIRA";1238;;"1989";1363;1025;1710;"50%-60%";;;;;
15960000;-3,547;-58,924;1376282;"URUCURITUBA";2025-12-10 17:00:00;2025-12-10 16:00:00;2025-12-10 15:00:00;1335;8;61;131;162;0;0;"MADEIRA";969;;"2021";1171;955;1490;"56%-67%";;;;;
16030000;-3,154;-58,411;4350000;"Itacoatiara";2025-12-15 07:00:00;2025-12-15 06:00:00;2025-12-15 05:00:00;746;6;55;123;165;0;0;"AMAZONAS";303;;"2021";647;290;859;"80%-90%";;;;;
17050001;-1,919;-55,513;4670000;"Obidos";2025-12-15 07:30:00;2025-12-15 06:30:00;2025-12-15 05:30:00;293;5;30;80;92;1,6;40,2;"AMAZONAS";49;;"2009";224;40;387;"70%-80%";;;;;
17122001;-10,823;-57,727;14334;"JURUA";2025-12-15 07:45:00;2025-12-15 06:45:00;2025-12-15 05:45:00;298;-1;0;0;-1;1,8;6,4;"DOS PEIXES";;;;;;;;;;;;
17130000;-7,731;-58,281;182000;"Foz do Juruena";2025-12-03 19:00:00;2025-12-03 18:00:00;2025-12-03 17:00:00;503;8;43;30;75;0;0;"JURUENA";;;"2014";567;395;755;"20%-30%";;;;;
17277000;-12,31;-55,568;1792;"FAZENDA CERON";2025-12-15 07:30:00;2025-12-15 06:30:00;2025-12-15 05:30:00;327;-1;-30;;;0;16;"CELESTE";;;;;;;;;;;;
17384000;-9,351;-56,781;90704;"UHE TELES PIRES BARRAMENTO";2025-12-15 06:00:00;2025-12-15 05:00:00;2025-12-15 04:00:00;22041;-3;0;-1;-2;2,6;6;"TELES PIRES";;;;;;;;;;;;
17410100;-8,859;-57,419;132797;"UHE SÃO MANOEL JUSANTE 2";2025-12-15 07:30:00;2025-12-15 06:30:00;2025-12-15 05:30:00;565;-6;-1;42;87;0;0,5;"TELES PIRES";;;"2020";601;477;747;"25%-50%";;;;;
17420000;-7,615;-57,95;138000;"Três Marias";2025-12-04 16:15:00;2025-12-04 15:15:00;2025-12-04 14:15:00;314;6;45;54;81;0;0;"TELES PIRES";360;;"2014";665;207;839;"0%-10%";;;;;
17430000;-7,34;-58,155;333000;"BARRA DO SÃO MANUEL";2025-12-15 07:30:00;2025-12-15 06:30:00;2025-12-15 05:30:00;441;1;26;56;67;1;5,4;"TAPAJÓS";450;;"2004";529;298;728;"10%-20%";;;;;
17680000;-5,456;-55,87;40200;"JAMANXIM";2025-10-14 17:00:00;2025-10-14 16:00:00;2025-10-14 15:00:00;386;7;21;;;0;0;"JAMANXIM";478;;"2006";526;311;762;"10%-20%";;;;;
17730000;-4,276;-55,982;458000;"Itaituba";2025-12-15 07:30:00;2025-12-15 06:30:00;2025-12-15 05:30:00;379;5;38;92;113;10,6;11;"TAPAJOS";276;;"2014";353,5;191;545;"60%-70%";;;;;
17900000;-2,414;-54,738;493000;"Santarem";2025-12-15 07:30:00;2025-12-15 06:30:00;2025-12-15 05:30:00;307;3;17;66;73;9,2;9,2;"AMAZONAS";114;;"2009";211,5;48;393;"90%-100%";;;;;
18390000;-1,533;-52,577;5460000;"Almeirim";2025-12-15 07:30:00;2025-12-15 06:30:00;2025-12-15 05:30:00;363;12;57;33;85;0;0;"AMAZONAS";263;;"2022";312;199;380;"88%-100%";;;;;
18421600;-11,472;-54,994;3728;"PONTE MT 423 AZUL";2025-08-03 19:45:00;2025-08-03 18:45:00;2025-08-03 17:45:00;324;-1;-11;-23;-38;0;0;"AZUL";;;;;;;;;;;;
18460000;-6,736;-51,995;210000;"BOA SORTE";2025-12-15 07:45:00;2025-12-15 06:45:00;2025-12-15 05:45:00;494;0;80;98;114;1,2;21,2;"XINGU";;;"2004";503;378;632;"30%-40%";;;;;
18480000;-8,327;-51,46;6860;"FAZENDA RIO DOURADO";2025-12-15 07:00:00;2025-12-15 06:00:00;2025-12-15 05:00:00;355;-4;-29;;;0;1,2;"FRESCO";299;;"2021";367;300;596;"30%-40%";;;;;
18500000;-6,745;-51,774;42400;"Boa Esperança";2025-12-15 07:00:00;2025-12-15 06:00:00;2025-12-15 05:00:00;632;-8;40;161;211;25,2;54,6;"FRESCO";548;;"2014";538,5;351;963;"60%-70%";;;;;
18600000;-5,697;-54,246;58700;"LARANJEIRAS";2025-12-15 07:00:00;2025-12-15 06:00:00;2025-12-15 05:00:00;322;0;56;;;20,6;24,6;"IRIRI";;;"1980";364;241;544;"20%-30%";;;;;
18650000;-5,65;-54,521;35600;"CAJUEIRO";2025-12-14 23:45:00;2025-12-14 22:45:00;2025-12-14 21:45:00;268;-2;-9;;;4,6;4,6;"CURUÁ";228;;"1980";296;159;574;"40%-50%";;;;;
18700000;-4,528;-54,013;122000;"Pedra do Ó";2025-11-24 19:30:00;2025-11-24 18:30:00;2025-11-24 17:30:00;309;-2;-16;-5;-21;0;0;"IRIRI";;;"1980";435;327;579;"Mínima-0%";;;;;
18850000;-3,215;-52,212;448000;"ALTAMIRA";2025-12-15 07:30:00;2025-12-15 06:30:00;2025-12-15 05:30:00;514;6;61;116;150;0,6;0,8;"XINGU";585;;"1980";341,5;146;697;"90%-100%";;;;;
18936000;-2,882;-52,011;714;"VITÓRIA DO XINGU";2025-12-15 07:00:00;2025-12-15 06:00:00;2025-12-15 05:00:00;115;0;-48;32;-15;2,6;23,2;"TUCURUI";92;;"2022";119;73;193;"17%-33%";;;;;
18938001;-2,622;-51,954;486000;"SOUZEL";2025-12-15 07:15:00;2025-12-15 06:15:00;2025-12-15 05:15:00;273;-14;-10;18;24;0;0,4;"XINGU";224;;"2021";255,5;218;279;"100%-Máxima";;;;;
18950003;-1,753;-52,24;509000;"PORTO DE MOZ";2025-12-15 07:30:00;2025-12-15 06:30:00;2025-12-15 05:30:00;217;2;9;27;39;0,2;0,2;"XINGU";160;;"2009";185;66;277;"80%-90%";;;;;
19500000;0,022;-51,05;5930000;"MACAPÁ";2025-12-15 07:30:00;2025-12-15 06:30:00;2025-12-15 05:30:00;169;-8;-211;19;-182;0;1,6;"SOLIMÕES";;;"2007";289;150;390;"0%-10%";;;;;
19985000;-3,851;-50,64;2682;"PACAJÁS";2025-12-15 07:30:00;2025-12-15 06:30:00;2025-12-15 05:30:00;462;-13;;;70;0,4;43,8;"PACAJÁS";458;;"2006";426;286;551;"70%-80%";;;;;
20001050;-15,523;-47,816;;"SONHEM";2025-12-14 22:00:00;2025-12-14 21:00:00;2025-12-14 20:00:00;75;0;-1;;;14,4;14,4;"SONHEM";;;"2015";133,5;110;149;"Mínima-0%";;;;;
21210000;-15,322;-47,382;533;"FAZENDA ESPÍRITO SANTO";2025-12-15 06:00:00;2025-12-15 05:00:00;2025-12-15 04:00:00;151;4;2;;;18,2;18,2;"PARANÃ";123;;"2022";139;80;240;"60%-70%";;;;;
21500000;-13,763;-46,838;22600;"Nova Roma";2025-12-15 07:45:00;2025-12-15 06:45:00;2025-12-15 05:45:00;80;0;-75;6;9;0;1,2;"PARANÃ";102;;"1990";144;63;705;"0%-10%";;;;;
22050001;-12,023;-48,533;128000;"Peixe";2025-12-15 07:45:00;2025-12-15 06:45:00;2025-12-15 05:45:00;215;26;-29;-32;82;47,6;47,6;"TOCANTINS";268;;"1980";335;125;868;"0%-10%";;;;;
22100000;-12,392;-48,712;8720;"Colonha";2025-12-15 07:45:00;2025-12-15 06:45:00;2025-12-15 05:45:00;208;-3;33;42;45;1,4;3,2;"SANTA TEREZA";314;;"1980";313;164;586;"10%-20%";;550;600;700;"Normal"
22250000;-11,533;-48,289;14500;"Fazenda Lobeira";2025-12-15 07:45:00;2025-12-15 06:45:00;2025-12-15 05:45:00;117;4;-50;57;71;32,4;49,8;"MANUEL ALVES";92;;"1980";150;48;601;"30%-40%";;;;;
22900000;-9,307;-47,929;44100;"Porto Real";2025-12-08 06:45:00;2025-12-08 05:45:00;2025-12-08 04:45:00;128;-5;8;2;100;0;0;"DO SONO";105;;"1980";219,5;85;904;"10%-20%";;;;;
23100000;-8,392;-48,111;242000;"Tupiratins";2025-12-15 07:30:00;2025-12-15 06:30:00;2025-12-15 05:30:00;259;-15;44;109;132;6,2;18;"TOCANTINS";265;;"1980";354,5;145;1110;"20%-30%";;;;;
23700000;-5,789;-47,469;297000;"Descarreto";2025-12-15 07:15:00;2025-12-15 06:15:00;2025-12-15 05:15:00;95;-5;-123;-43;18;37,4;69;"TOCANTINS";166;;"1980";172,5;101;332;"Mínima-0%";;;;;
24653000;-15,902;-52,277;13353;"DAS GARÇAS";2025-12-15 07:15:00;2025-12-15 06:15:00;2025-12-15 05:15:00;100;-6;0;;;0;10,8;"DAS GARÇAS";;;;;;;;;;;;
24700000;-15,891;-52,228;36800;"Barra do Garças";2025-12-15 07:30:00;2025-12-15 06:30:00;2025-12-15 05:30:00;186;-8;20;86;96;4,4;10,8;"ARAGUAIA";303;;"1977";271;54;658;"20%-30%";;;;;
24850000;-15,738;-51,828;50100;"Araguaiana";2025-12-15 07:15:00;2025-12-15 06:15:00;2025-12-15 05:15:00;261;-7;48;107;112;0;18,4;"ARAGUAIA";346;;"1977";334;130;812;"10%-20%";;;;;
24950000;-15,94;-51,358;10100;"MONTES CLAROS DE GOIÁS";2025-12-15 07:15:00;2025-12-15 06:15:00;2025-12-15 05:15:00;314;-17;30;;;1,8;12,2;"CLARO";294;;"1977";402;242;637;"20%-30%";;;;;
25090000;-15,915;-50,128;103;"FAZENDA PACIÊNCIA";2025-12-15 07:15:00;2025-12-15 06:15:00;2025-12-15 05:15:00;40;;-6;;;0;36,2;"VERMELHO";35;;"2004";43;22;80;"20%-30%";;;;;
25200000;-14,913;-51,081;76300;"Aruanã";2025-12-15 02:00:00;2025-12-15 01:00:00;2025-12-15;283;;120;142;161;3,8;61,8;"ARAGUAIA";267;;"1993";326;132;725;"20%-30%";;;;;
25700000;-13,69;-50,8;92300;"Bandeirantes";2025-12-15 07:00:00;2025-12-15 06:00:00;2025-12-15 05:00:00;422;25;81;102;101;2;2,6;"ARAGUAIA";522;;"1983";566;376;782;"0%-10%";;;;;
26033900;-15,305;-54,186;5369;"ÁGUAS CLARAS";2025-12-03 09:45:00;2025-12-03 08:45:00;2025-12-03 07:45:00;582,3;-0,400000000000091;5,39999999999998;-3,5;0,699999999999932;0;0;"DAS MORTES";;;;;;;;;;;;
26100000;-14,673;-52,355;25300;"XAVANTINA";2025-12-15 07:15:00;2025-12-15 06:15:00;2025-12-15 05:15:00;84;-1;6;;;28,8;64;"DAS MORTES";123;;"1980";136;42;303;"0%-10%";;;;;
26350000;-11,618;-50,663;194000;"São Félix do Araguaia";2025-12-15 07:15:00;2025-12-15 06:15:00;2025-12-15 05:15:00;342;;;;50;2;9,8;"ARAGUAIA";551;;"1991";474;311;674;"0%-10%";;;;;
27320000;-8,803;-49,555;319000;"Araguacema";2025-12-15 07:30:00;2025-12-15 06:30:00;2025-12-15 05:30:00;271;0;10;24;27;13,2;31,2;"ARAGUAIA";401;;"1980";399;259;531;"0%-10%";;;;;
27500000;-8,269;-49,259;332000;"Conceição do Araguaia";2025-12-15 07:15:00;2025-12-15 06:15:00;2025-12-15 05:15:00;239;-1;14;27;30;1;2;"ARAGUAIA";310;;"1980";354;209;498;"0%-10%";;;;;
28300000;-6,41;-48,542;377000;"Xambioá";2025-12-15 07:15:00;2025-12-15 06:15:00;2025-12-15 05:15:00;270;-2;22;64;107;21;30,8;"ARAGUAIA";351;;"1980";351;204;440;"0%-10%";;;;;
28850000;-5,651;-48,133;388000;"Araguatins";2025-12-15 07:30:00;2025-12-15 06:30:00;2025-12-15 05:30:00;325;6;35;59;74;47;57,6;"ARAGUAIA";397;;"1980";387;260;547;"10%-20%";;;;;
29050000;-5,339;-49,124;703000;"Marabá";2025-12-15 07:15:00;2025-12-15 06:15:00;2025-12-15 05:15:00;347;-24;14;130;175;0;3,6;"TOCANTINS";384;;"1980";459,5;254;735;"10%-20%";;;;;
29200000;-5,128;-49,324;746000;"Itupiranga";2025-12-15 07:15:00;2025-12-15 06:15:00;2025-12-15 05:15:00;505;-27;36;199;244;0;27,6;"TOCANTINS";554;;"1980";638;219;925;"30%-40%";;;;;
30080000;0,986;-51,706;10600;"Capivara";2025-12-15 07:30:00;2025-12-15 06:30:00;2025-12-15 05:30:00;337;10;22;9;-17;0,4;23;"ARAGUARI";345;;"2019";350;291;536;"40%-50%";;;;;
30300000;0,901;-52,016;10800;"Serra do Navio";2025-12-15 07:30:00;2025-12-15 06:30:00;2025-12-15 05:30:00;438;21;50;30;-1;0,2;18;"AMAPARI";421;;"2011";424;344;574;"60%-70%";;;;;
33530000;-5,337;-43,884;27300;"Montevidéu";2025-12-15 07:45:00;2025-12-15 06:45:00;2025-12-15 05:45:00;123;1;13;13;15;0;0;"ITAPECURU";119;;"2022";190,5;97;318;"10%-20%";;350;370;400;"Normal"
33590000;-4,458;-43,875;37200;"Codó";2025-12-15 07:45:00;2025-12-15 06:45:00;2025-12-15 05:45:00;32;1;4;9;4;0;0;"ITAPECURU";35;;"1986";131;23;337;"0%-10%";;;;;
33690000;-3,37;-44,345;;"Itapecuru-Mirim";;;;;;;;;;;"ITAPECURU";;;;;;;;;;;;
34020000;-9,113;-45,926;12900;"ALTO PARNAÍBA";2025-12-04 17:00:00;2025-12-04 16:00:00;2025-12-04 15:00:00;346;-16;-29;-6;38;0;0;"PARNAÍBA";322;;"1980";386;313;518;"0%-10%";;;;;
34040500;-8,271;-45,668;25500;"FAZENDA PARACATI II";2025-12-15 07:45:00;2025-12-15 06:45:00;2025-12-15 05:45:00;204;-26;-99;36;16;0;3,4;"PARNAÍBA";142;;"2002";191;128;298;"50%-60%";;;;;
34060000;-7,567;-45,254;31300;"Ribeiro Gonçalves";2025-12-15 07:45:00;2025-12-15 06:45:00;2025-12-15 05:45:00;350;-3;7;49;48;0,6;28,8;"PARNAÍBA";294;;"1979";322;274;426;"70%-80%";;;;;
34070000;-7,381;-44,827;35300;"SÍTIO DO VELHO";2025-12-15 07:45:00;2025-12-15 06:45:00;2025-12-15 05:45:00;283;-15;-4;42;49;4;57,4;"PARNAÍBA";215;;"2002";254;201;364;"70%-80%";;;;;
34080000;-8,673;-44,886;4820;"FORMOSA DO URUÇUÍ PRETO";2025-12-15 07:45:00;2025-12-15 06:45:00;2025-12-15 05:45:00;288;-1;42;60;84;5,2;10,4;"URUÇUÍ PRETO";229;;"2021";227;178;282;"100%-Máxima";;;;;
34090000;-7,391;-44,614;15600;"FAZENDA BANDEIRA";2025-12-15 07:45:00;2025-12-15 06:45:00;2025-12-15 05:45:00;351;2;8;4;-1;0;33;"URUÇUÍ PRETO";329;;"2002";357;315;446;"40%-50%";;;;;
34130000;-7,534;-46,036;9040;"BALSAS";2025-12-15 07:45:00;2025-12-15 06:45:00;2025-12-15 05:45:00;340;-14;-5;45;44;0;11;"DAS BALSAS";302;;"2016";299;258;374;"90%-100%";;;;;
34170000;-7,082;-44,814;24700;"SÃO FÉLIX DE BALSAS";2025-12-15 07:00:00;2025-12-15 06:00:00;2025-12-15 05:00:00;215;-9;38;72;64;0;47,2;"DAS BALSAS";176;;"1985";165,5;108;333;"70%-80%";;;;;
34233000;-9,54;-44,601;22700;"REDENÇÃO DO GURGUÉIA";2025-11-30 17:00:00;2025-11-30 16:00:00;2025-11-30 15:00:00;210;-21;;57;42;0;0;"GURGUÉIA";208;;"2025";184;113;392;"70%-80%";;;;;
34251000;-8,793;-44,206;31000;"CRISTINO CASTRO II";2025-12-15 07:30:00;2025-12-15 06:30:00;2025-12-15 05:30:00;305;-1;128;67;194;0;0,2;"GURGUÉIA";183;;"1980";160;51;423;"80%-90%";;;;;
34270000;-7,248;-43,643;47000;"Barra do Lance";2025-12-15 07:45:00;2025-12-15 06:45:00;2025-12-15 05:45:00;136;16;-34;55;50;11,8;24,2;"GURGUÉIA";138;;"1980";130;82;263;"44%-56%";;;;;
34311000;-6,761;-43,028;140000;"Barão de Grajaú";2025-12-15 08:00:00;2025-12-15 07:00:00;2025-12-15 06:00:00;292;-3;74;65;75;3,6;34,4;"PARNAÍBA";232;;"1985";367;231;630;"10%-20%";;;;;
34340000;-6,814;-42,967;9910;"PONTE DA ITAUEIRA";2025-12-15 07:45:00;2025-12-15 06:45:00;2025-12-15 05:45:00;122;-4;58;60;59;0,6;46,4;"ITAUEIRA";192;;"2020";212,5;139;246;"Mínima-0%";;;;;
34471000;-7,189;-41,77;17700;"SANTA CRUZ DO PIAUÍ II";2025-12-15 08:00:00;2025-12-15 07:00:00;2025-12-15 06:00:00;98;1;-18;;-58;19;26,6;"ITAIM";111;;"2004";134,5;103;239;"Mínima-0%";;;;;
34479000;-6,986;-42,088;28800;"FAZENDA TALHADA II";2025-12-15 07:45:00;2025-12-15 06:45:00;2025-12-15 05:45:00;183;5;-4;10;-28;3;3,8;"CANINDÉ";181;;"2024";182,5;160;346;"29%-43%";;;;;
34564000;-8,355;-42,245;15600;"São João do Piauí";2025-12-15 07:15:00;2025-12-15 06:15:00;2025-12-15 05:15:00;218;-1;-12;8;-31;0;3,4;"PIAUÍ";;;;;;;;;;;;
34600000;-6,622;-42,697;73700;"Francisco Ayres";2025-12-15 07:45:00;2025-12-15 06:45:00;2025-12-15 05:45:00;163;-18;-164;12;94;0;1,2;"CANINDÉ";63;;"2004";106;-6;438;"60%-70%";;;;;
34660000;-5,572;-43,024;235000;"Fazenda Veneza";2025-12-15 07:45:00;2025-12-15 06:45:00;2025-12-15 05:45:00;172;-16;-9;30;32;0;0;"PARNAÍBA";146;;"1985";217;136;351;"20%-30%";;;;;
34690000;-5,135;-42,811;237000;"Teresina";2025-12-15 07:45:00;2025-12-15 06:45:00;2025-12-15 05:45:00;205;-3;-3;32;20;0;0;"POTI";172;;"1985";284,5;55;419;"20%-30%";;;;;
34742000;-5,059;-41,157;11400;"Bebedouro";2025-12-15 08:00:00;2025-12-15 07:00:00;2025-12-15 06:00:00;131;0;0;-1;-2;0;0;"POTI";145;;"2020";145;131;170;"Mínima-0%";;;;;
34750000;-5,223;-41,738;19200;"Fazenda Boa Esperança";2025-12-15 07:45:00;2025-12-15 06:45:00;2025-12-15 05:45:00;42;0;-4;-7;-12;0;0;"POTI";54;;"2004";108;-4;169;"20%-30%";;;;;
34770000;-5,666;-42,214;43400;"Prata do Piauí";2025-12-15 06:15:00;2025-12-15 05:15:00;2025-12-15 04:15:00;16;0;7;10;7;0;4,6;"POTI";12;;"2009";35;5;366;"0%-10%";;;;;
34789000;-5,2;-42,696;51400;"Fazenda Cantinho II";2025-12-01 23:30:00;2025-12-01 22:30:00;2025-12-01 21:30:00;70;0;0;;-13;0;0;"POTI";93;;"2019";74;5;271;"40%-50%";;;;;
34790000;-5,2;-42,717;51400;"Fazenda Cantinho";;;;;;;;;;;"PARNAÍBA";;;;;;;;;;;;
34820000;-4,288;-42,986;294000;"Coelho Neto";2025-12-15 07:45:00;2025-12-15 06:45:00;2025-12-15 05:45:00;254;0;-3;22;2;0;0;"PARNAÍBA";228;;"2009";289,5;230;376;"10%-20%";;;;;
34879500;-3,454;-42,37;298000;"Luzilândia";2025-12-15 07:30:00;2025-12-15 06:30:00;2025-12-15 05:30:00;155;12;-4;24;14;0;3,8;"PARNAÍBA";131;;"1985";182;122;357;"30%-40%";;;;;
34930000;-4,41;-42,181;4910;"Fazenda Alegria";2025-12-15 07:45:00;2025-12-15 06:45:00;2025-12-15 05:45:00;47;0;0;0;-4;0;0;"LONGÁ";76;;"2008";66,5;18;231;"10%-20%";;;;;
34933000;-4,393;-42,407;1760;"PEDRA BRANCA";2025-11-02 13:00:00;2025-11-02 12:00:00;2025-11-02 11:00:00;64;;1;-6;-13;0;0;"MARATÃ";;;"2020";93;68;150;"Mínima-0%";;;;;
34936000;-4,238;-42,305;2900;"Pedrinhas";2025-12-15 07:45:00;2025-12-15 06:45:00;2025-12-15 05:45:00;134;-2;5;-4;-13;0;0;"MARATÃ";159;;"2020";155;104;234;"20%-30%";;;;;
34940000;-3,903;-42,23;11200;"Esperantina";2025-12-15 07:45:00;2025-12-15 06:45:00;2025-12-15 05:45:00;182;-1;-6;-12;-19;0;0,2;"LONGÁ";221;;"2008";223;153;396;"10%-20%";;;;;
34976000;-3,937;-41,717;5190;"PIRACURUCA";2025-12-15 07:45:00;2025-12-15 06:45:00;2025-12-15 05:45:00;234;0;0;1;1;0;0;"PIRACURUCA";236;;"2009";234;226;248;"44%-56%";;;;;
34980000;-3,724;-41,974;21800;"TINGUIS";2025-12-15 07:45:00;2025-12-15 06:45:00;2025-12-15 05:45:00;157;0;1;1;1;0;0;"LONGÁ";161;;"2009";64,5;-46;167;"80%-90%";;;;;
36320000;-5,9;-38,633;39600;"Jaguaribe";2025-12-15 07:45:00;2025-12-15 06:45:00;2025-12-15 05:45:00;187;0;0;3;2;0;0;"JAGUARIBE";185;;"1985";212,5;176;251;"20%-30%";;;;;
39100000;-7,962;-36,202;1560;"Capibaribe";2025-12-15 06:15:00;2025-12-15 05:15:00;2025-12-15 04:15:00;126;1;-2;-6;0;0;0;"CAPIBARIBE";126;;"2020";111;99;140;"71%-86%";;;;;
39575000;-8,883;-36,219;808;"CANHOTINHO";2025-12-15 07:45:00;2025-12-15 06:45:00;2025-12-15 05:45:00;132;-1;1;-3;-2;0;0;"CANHOTO";128;;"2022";116,5;91;146;"62%-75%";;;;;
39689000;-9,124;-36,339;479;"CORRENTES II";;;;;;;;;;;"MUNDAU";;;;;;;;;;;;
39700000;-9,168;-36,218;767;"SANTANA DO MUNDAU";2025-12-15 07:15:00;2025-12-15 06:15:00;2025-12-15 05:15:00;194;2;0;0;-4;0;0;"MUNDAU";187;;"2022";205;160;290;"10%-20%";;;;;
39715000;-9,002;-36,326;128;"PALMERINA";2025-12-02 09:15:00;2025-12-02 08:15:00;2025-12-02 07:15:00;50;2;7;12;15;0;0;"PALMERINA";29;;"2022";43;29;50;"89%-100%";;;;;
39720000;-9,004;-36,051;1170;"SÃO JOSE DA LAJE";2025-12-15 07:15:00;2025-12-15 06:15:00;2025-12-15 05:15:00;180;-1;-2;-2;-3;0;0;"CANHOTO";152;;"2000";165;152;202;"90%-100%";;;;;
39740000;-9,154;-36,036;2900;"UNIAO DOS PALMARES";2025-12-15 07:00:00;2025-12-15 06:00:00;2025-12-15 05:00:00;132;-1;-1;-11;-7;0;0;"MUNDAU";113;;"2022";132,5;70;157;"40%-50%";;;;;
39760000;-9,314;-35,95;3290;"MURICI PONTE";2025-12-14 18:00:00;2025-12-14 17:00:00;2025-12-14 16:00:00;148;0;-2;-7;-5;0;0;"MUNDAU";145;;"2022";86;40;167;"90%-100%";;;;;
41340000;-19,56;-43,911;4860;"Ponte Raul Soares";2025-12-15 08:00:00;2025-12-15 07:00:00;2025-12-15 06:00:00;134;19;76;95;-37;4,6;6,4;"DAS VELHAS";195;;"2022";192,5;75;1055;"10%-20%";;750;800;850;"Normal"
41350000;-19,543;-43,903;;"Pirapora";;;;;;;;;;;"SÃO FRANCISCO";;;;;;;;;;;;
41410000;-19,231;-44,025;7080;"Jequitibá";2025-12-15 08:00:00;2025-12-15 07:00:00;2025-12-15 06:00:00;132;-19;34;61;58;4,8;6,6;"DAS VELHAS";109;;"2022";197;79;884;"10%-20%";;800;1000;1180;"Normal"
41650002;-18,673;-44,194;10700;"Ponto do Licínio";2025-12-15 08:00:00;2025-12-15 07:00:00;2025-12-15 06:00:00;164;-8;-16;19;18;8;14,8;"DAS VELHAS";167;;"2022";263;148;694;"0%-10%";;810;860;910;"Normal"
41780002;-18,645;-44,051;3980;"Presidente Juscelino";2025-12-15 07:15:00;2025-12-15 06:15:00;2025-12-15 05:15:00;85;-3;-7;27;30;5;8,2;"PARAUNA";195;;"2020";147;69;314;"10%-20%";;;;;
41818000;-18,306;-44,226;16600;"Santo Hipólito";2025-12-15 07:45:00;2025-12-15 06:45:00;2025-12-15 05:45:00;139;-25;-15;45;40;0;2,8;"DAS VELHAS";154;;"2020";246;64;742;"10%-20%";;540;640;745;"Normal"
42449000;-15,958;-47,375;1060;"UHE QUEIMADO MONTANTE";2025-12-15 07:00:00;2025-12-15 06:00:00;2025-12-15 05:00:00;187;-6;-9;;;0;0;"PRETO";;;"2005";208;128;318;"20%-30%";;;;;
42450300;-15,641;-47,357;163;"RIBEIRÃO JACARÉ";2025-12-15 07:30:00;2025-12-15 06:30:00;2025-12-15 05:30:00;62;-2;-19;;;0,4;8;"CÓRREGO BURITI GRANDE";95;;"2006";132;44;179;"0%-10%";;;;;
42450900;-15,974;-47,399;;"RIBEIRÃO JARDIM DF-100";2025-12-15 07:15:00;2025-12-15 06:15:00;2025-12-15 05:15:00;206;-3;-6;;;1,6;8,6;"RIBEIRÃO JARDIM";;;"2022";225;195;252;"0%-50%";;;;;
44200000;-15,949;-44,868;184000;"São Francisco";2025-12-15 07:15:00;2025-12-15 06:15:00;2025-12-15 05:15:00;354;10;29;111;150;0,6;14,6;"SÃO FRANCISCO";280;;"1992";481;210;894;"10%-20%";;600;640;750;"Normal"
44290002;-15,601;-44,397;194000;"Pedras de Maria da Cruz";;;;;;;;;;;"SÃO FRANCISCO";;;;;;;;;;;;
44500000;-14,757;-43,932;202000;"Manga";;;;;;;;;;;"SÃO FRANCISCO";;;;;;;;;850;900;950;
45298000;-14,304;-43,763;254000;"Carinhanha";2025-12-15 07:30:00;2025-12-15 06:30:00;2025-12-15 05:30:00;248;5;84;105;137;6,2;6,4;"SÃO FRANCISCO";163;;"1979";394,5;142;752;"0%-10%";;860;930;1000;"Normal"
45480000;-13,257;-43,435;271000;"Bom Jesus da Lapa";2025-12-15 07:30:00;2025-12-15 06:30:00;2025-12-15 05:30:00;423;-1;86;118;140;8,6;8,8;"SÃO FRANCISCO";357;;"1979";539,5;266;871;"10%-20%";;850;900;950;"Normal"
45960001;-13,291;-43,909;31000;"Porto Novo";2025-12-15 08:00:00;2025-12-15 07:00:00;2025-12-15 06:00:00;160;-5;-20;52;65;0;0;"CORRENTE";77;;"2016";196;41;501;"30%-40%";;500;550;600;"Normal"
46675000;-11,611;-44,157;39600;"Fazenda Macambira";2024-11-28 10:00:00;2024-11-28 09:00:00;2024-11-28 08:00:00;221;4;18;57;70;0;0;"GRANDE";167;;"2021";239;88;388;"30%-40%";;;;;
46902000;-11,345;-43,826;65900;"Boqueirão";2025-12-15 07:15:00;2025-12-15 06:15:00;2025-12-15 05:15:00;147;4;33;53;88;0,2;1,2;"GRANDE";115;;"1980";145,5;41;281;"50%-60%";;400;425;450;"Normal"
46998000;-11,093;-43,14;425000;"Barra";2025-12-15 07:30:00;2025-12-15 06:30:00;2025-12-15 05:30:00;266;21;67;107;98;0;7;"SÃO FRANCISCO";271;;"1926";277;181;411;"40%-50%";;720;760;800;"Normal"
50520000;-11,06;-38,837;26100;"Ponte Euclides da Cunha";2025-12-15 07:30:00;2025-12-15 06:30:00;2025-12-15 05:30:00;112;-6;10;-23;-112;0;0;"ITAPICURU";88;;"1969";49;4;432;"80%-90%";;;;;
51240000;-12,986;-40,958;16500;"Itaeté";2025-12-15 07:15:00;2025-12-15 06:15:00;2025-12-15 05:15:00;507;-19;-256;-104;-75;0;0;"PARAGUAÇU";422;;"1978";539;380;979;"40%-50%";;;;;
53460500;-15,669;-42,453;2870;"Passagem das Éguas";2025-12-15 07:30:00;2025-12-15 06:30:00;2025-12-15 05:30:00;366;-2;-2;66;96;0;8,6;"PARDO";311;;"2021";312;227;583;"67%-78%";;;;;
56110000;-20,417;-42,9;6210;"Ponte Nova";;;;;;;;;;;"PIRANGA";;;;;;;;;;;;
56110005;-20,384;-42,903;6230;"Ponte Nova";2025-12-15 08:00:00;2025-12-15 07:00:00;2025-12-15 06:00:00;118;11;-9;18;42;31,8;31,8;"DOCE";124;;"2012";177,5;108;302;"10%-20%";;;;;
56610000;-19,932;-43,173;1163;"Piracicaba";2025-12-15 07:00:00;2025-12-15 06:00:00;2025-12-15 05:00:00;121;26;42;36;;28;32,4;"DOCE";137;;"2022";143;32;510;"40%-50%";;;;;
56660000;-19,767;-43,033;3060;"Nova Era";;;;;;;;;;;"PIRACICABA";;;;;;;;;;;;
56661000;-19,767;-43,026;3060;"Nova Era";2025-12-15 07:15:00;2025-12-15 06:15:00;2025-12-15 05:15:00;94;22;3;16;22;43,6;44,6;"DOCE";88;;"2022";128;71;350;"20%-30%";;;;;
56696000;-19,525;-42,641;5270;"Má De Carvalho";2025-12-15 07:30:00;2025-12-15 06:30:00;2025-12-15 05:30:00;163;29;16;58;59;22,6;28,4;"DOCE";;;"2022";198;58;533;"10%-20%";;;;;
56825000;-19,188;-42,423;10200;"Naque Velho";2025-12-15 07:15:00;2025-12-15 06:15:00;2025-12-15 05:15:00;292;17;27;83;77;35,4;35,4;"DOCE";253;;"2016";303,5;175;560;"30%-40%";;;;;
56850000;-18,883;-41,951;40500;"Governador Valadares";2025-12-15 07:15:00;2025-12-15 06:15:00;2025-12-15 05:15:00;167;-3;-1;45;35;55;55;"DOCE";158;;"1997";222;131;377;"10%-20%";;300;320;360;"Normal"
56994500;-19,533;-40,63;76400;"Colatina";2025-12-15 07:15:00;2025-12-15 06:15:00;2025-12-15 05:15:00;172;14;16;74;44;0;14,6;"DOCE";170;;"2013";234;46;596;"30%-40%";;460;530;580;"Normal"
56998200;-19,415;-40,076;82100;"Linhares";;;;;;;;;;;"DOCE";;;;;;;;;;;;
58770000;-21,389;-42,696;5880;"Cataguases";2025-12-15 08:00:00;2025-12-15 07:00:00;2025-12-15 06:00:00;130;-26;16;;;6,8;32,6;"POMBA";159;;"1979";146;90;491;"30%-40%";;;;;
58790002;-21,542;-42,181;8210;"Santo Antônio de Pádua II";2025-12-15 07:30:00;2025-12-15 06:30:00;2025-12-15 05:30:00;101;43;-21;;32;5;11,4;"POMBA";141;;"2012";149;73;292;"10%-20%";;;;;
58792100;-21,621;-42,1;8530;"Aperibé";2025-12-15 07:45:00;2025-12-15 06:45:00;2025-12-15 05:45:00;87;39;-23;42;29;1,2;7,8;"POMBA";125;;"2022";118;85;205;"0%-12%";;;;;
58940000;-21,208;-41,892;5800;"Itaperuna";2025-12-15 07:15:00;2025-12-15 06:15:00;2025-12-15 05:15:00;185;3;-4;6;1;2;7,4;"MURIAÉ";220;;"2008";245;184;415;"0%-10%";;;;;
58960000;-21,492;-41,614;7210;"Cardoso Moreira";2025-12-15 07:45:00;2025-12-15 06:45:00;2025-12-15 05:45:00;57;0;-29;8;;2,6;2,6;"MURIAÉ";148;;"2008";234;12;761;"0%-10%";;300;500;750;"Normal"
58974000;-21,751;-41,324;55700;"Campos";2025-12-15 07:15:00;2025-12-15 06:15:00;2025-12-15 05:15:00;474;11;-17;15;13;0,4;1;"MURIAÉ";554;;"1966";735;500;1042;"Mínima-0%";;;;;
60435500;-15,778;-48,231;433;"DESCOBERTO - BARRAGEM";2025-12-15 07:30:00;2025-12-15 06:30:00;2025-12-15 05:30:00;102919;3;29;;;0;1;"DESCOBERTO";103017;;"1989";102911,5;102422;103030;"40%-50%";;;;;
60444035;-16,047;-48,082;45;"ALAGADO";2025-12-15 07:00:00;2025-12-15 06:00:00;2025-12-15 05:00:00;23;-4;-7;;;0,2;0,2;"ALAGADO";;;"2018";66;59;96;"Mínima-0%";;;;;
60472235;-15,614;-47,546;127;"PIPIRIPAU";2025-12-15 07:15:00;2025-12-15 06:15:00;2025-12-15 05:15:00;157;2;-10;;;6,6;10,2;"PIPIRIPAU";157;;"2011";167;142;196;"10%-20%";;;;;
60474300;-15,727;-47,697;;"RIBEIRÃO SOBRADINHO";2025-12-15 07:00:00;2025-12-15 06:00:00;2025-12-15 05:00:00;22;1;-15;;;0;0;"RIBEIRÃO SOBRADINHO";;;"2020";75;69;80;"Mínima-0%";;;;;
60640000;-16,614;-49,28;1740;"MONTANTE DE GOIÂNIA";2025-12-15 08:00:00;2025-12-15 07:00:00;2025-12-15 06:00:00;208;14;-5;;;0;6,4;"MEIA PONTE";232;;"2020";252,5;168;417;"10%-20%";;;;;
60680000;-18,349;-49,602;11500;"PONTE MEIA PONTE";2025-12-15 07:45:00;2025-12-15 06:45:00;2025-12-15 05:45:00;97;8;-39;;;1,2;11,4;"MEIA PONTE";236;;"2005";174;61;350;"0%-10%";;;;;
60765000;-17,732;-50,181;7890;"BARRA DO MONJOLO";2025-12-14 09:15:00;2025-12-14 08:15:00;2025-12-14 07:15:00;86;0;;;;2,4;46,4;"TURVO";232;;"1982";211,5;72;456;"0%-10%";;;;;
60798000;-17,968;-50,333;12800;"MAURILÂNDIA";2025-12-15 07:45:00;2025-12-15 06:45:00;2025-12-15 05:45:00;191;-29;-15;;;5,8;25,4;"VERDE OU VERDÃO";237;;"1982";233;173;385;"0%-10%";;;;;
64444000;-25,076;-50,389;4580;"UHE GOV. JAYME CANET JUNIOR UVAIA MONTANTE";2025-12-15 07:00:00;2025-12-15 06:00:00;2025-12-15 05:00:00;160;-4,09999999999999;52;;;6,2;32,2;"TIBAGI";;;"2013";178;34;495;"40%-50%";;;;;
64508500;-23,17;-50,788;1050;"PONTE PRETA";2025-12-15 07:15:00;2025-12-15 06:15:00;2025-12-15 05:15:00;255;-124;164;;;8,4;128,8;"CONGONHAS";;;;;;;;;;;;
64764000;-24,983;-52,283;1690;"GUAMPARÁ";2025-12-15 06:30:00;2025-12-15 05:30:00;2025-12-15 04:30:00;257;-30;38;;;9,4;57,2;"PIQUIRI";;;"2017";203;163;454;"80%-90%";;;;;
65010000;-25,519;-49,146;106;"FAZENDINHA";2025-12-15 08:00:00;2025-12-15 07:00:00;2025-12-15 06:00:00;123;41;39;;;6;11,8;"PEQUENO";;;"2022";116;56;254;"50%-60%";;;;;
65025000;-25,6;-49,513;2330;"GUAJUVIRA";2025-12-15 08:00:00;2025-12-15 07:00:00;2025-12-15 06:00:00;178;30;46;;;0;0,2;"IGUAÇU";;;"2014";176;50;388;"50%-60%";;;;;
65990550;-25,746;-53,841;969;"MUNIZ";2025-12-15 06:30:00;2025-12-15 05:30:00;2025-12-15 04:30:00;163;-2;1;;;0,2;16,6;"SANTO ANTÔNIO";;;"1996";131,5;87;575;"70%-80%";;;;;
66010000;-15,076;-57,182;9250;"BARRA DO BUGRES";2025-12-15 07:30:00;2025-12-15 06:30:00;2025-12-15 05:30:00;78;-22;-29;22;5;0;1,4;"PARAGUAI";;;"1991";161,5;48;489;"0%-10%";;460;510;560;"Normal"
66070004;-16,076;-57,702;32400;"CÁCERES (DNPVN)";2025-12-15 08:00:00;2025-12-15 07:00:00;2025-12-15 06:00:00;165;-1;24;59;60;0;21,4;"PARAGUAI";233;;"1982";289;89;545;"10%-20%";;480;530;630;"Normal"
66090000;-16,733;-57,749;47100;"DESCALVADOS";;;;;;;;;;;"PARAGUAI";;;;;;;;;;;;
66120000;-17,143;-57,359;64000;"PORTO CONCEICAO";2025-12-15 07:30:00;2025-12-15 06:30:00;2025-12-15 05:30:00;291;1;18;25;29;0;25,8;"PARAGUAI";313;;"1995";378;245;451;"10%-20%";;;;;
66125000;-17,641;-57,691;68900;"BELA VISTA DO NORTE";2025-12-15 07:15:00;2025-12-15 06:15:00;2025-12-15 05:15:00;287;0;4;2;-2;0;4,4;"PARAGUAI";297;;"1982";314,5;254;392;"10%-20%";;;;;
66260001;-15,616;-56,109;23500;"CUIABÁ";2025-04-30 07:00:00;2025-04-30 06:00:00;2025-04-30 05:00:00;332;19;-69;-21;56,5384615;0;0;"CUIABÁ";;;"1974";244;48;524;"10%-20%";;600;700;800;"Normal"
66260002;-15,583;-56,134;22800;"CUIABÁ";;;;;;;;;;;"CUIABÁ";;;;;;;;;;;;
66260006;-15,619;-56,1;23500;"CUIABÁ";2025-12-15 08:00:00;2025-12-15 07:00:00;2025-12-15 06:00:00;161;8;-24;24;22;0;0;"CUIABÁ";;;;;;;;;;;;
66270000;-15,87;-56,076;25300;"SANTO ANTÔNIO DO LEVERGER";2025-12-07 20:45:00;2025-12-07 19:45:00;2025-12-07 18:45:00;288;4;;28;20;0;0;"CUIABÁ";340;;"1974";486;267;833;"0%-10%";;;;;
66280000;-16,193;-55,967;28900;"BARÃO DE MELGAÇO";2025-11-28 07:00:00;2025-11-28 06:00:00;2025-11-28 05:00:00;206;-2;4;6;4;0;0;"CUIABÁ";261;;"1992";399;218;846;"Mínima-0%";;;;;
66340000;-16,512;-56,376;36900;"PORTO CERCADO (Ex-Retiro BiguaÃ§al)";;;;;;;;;;;"CUIABÁ";;;;;;;;;;;;
66460000;-16,608;-55,206;23000;"ACIMA DO CÓRREGO GRANDE";2025-12-13 01:15:00;2025-12-13 00:15:00;2025-12-12 23:15:00;137;18;35;89;80;0;0,2;"SÃO LOURENÇO";155;;"1997";219;48;419;"20%-30%";;;;;
66470000;-16,925;-56,224;24100;"SÃO JOSÉ DO BORIREU";2023-09-15 07:00:00;2023-09-15 06:00:00;2023-09-15 05:00:00;69;-4;-4;-1;-2;0;0;"SÃO LOURENÇO";;;;;;;;;;;;
66600000;-17,202;-56,009;23300;"SÃO JERÔNIMO";2025-12-15 07:45:00;2025-12-15 06:45:00;2025-12-15 05:45:00;227;1;13;13;7;0;24,4;"PIQUIRI";;;;;;;;;;;;
66650000;-17,292;-56,387;30000;"SÃO JOSÉ DO PIQUIRI";2025-12-15 08:00:00;2025-12-15 07:00:00;2025-12-15 06:00:00;204;1;9;10;5;0;4;"PIQUIRI";230;;"1977";252;156;482;"0%-10%";;;;;
66710000;-17,366;-56,775;95200;"POUSADA TAIAMÃ  (Ex-Porto Jofre)";2025-12-15 08:00:00;2025-12-15 07:00:00;2025-12-15 06:00:00;284;3;32;32;28;0;5,6;"CUIABÁ";353;;"2003";370,5;257;461;"0%-10%";;;;;
66750000;-17,623;-56,965;103000;"PORTO DO ALEGRE";;;;;;;;;;;"CUIABÁ";;;;;;;;;;;;
66810000;-18,394;-57,391;243000;"PORTO SAO FRANCISCO";2025-12-15 08:00:00;2025-12-15 07:00:00;2025-12-15 06:00:00;351;1;18;11;-1;0;0;"PARAGUAI";405;;"1995";450;278;546;"10%-20%";;;;;
66825000;-19,002;-57,594;253000;"LADÁRIO";2025-12-14 07:00:00;2025-12-14 06:00:00;2025-12-14 05:00:00;35;5;11;-1;-7;0;0;"PARAGUAI";82;;"1988";137;0;329;"0%-10%";;;;;
66870000;-18,508;-54,762;27600;"COXIM";2025-12-15 07:30:00;2025-12-15 06:30:00;2025-12-15 05:30:00;399;-3;10;40;33;1,6;22,2;"TAQUARI";;;"1977";;;;"10%-20%";;;;;
66900000;-20,762;-56,091;11600;"ESTRADA MT-738";2025-12-15 07:45:00;2025-12-15 06:45:00;2025-12-15 05:45:00;250;98;125;131;110;0,4;31,4;"MIRANDA";;;;;;;;;;;;
66910000;-20,241;-56,399;15000;"MIRANDA";2025-12-15 08:00:00;2025-12-15 07:00:00;2025-12-15 06:00:00;267;-25;83;82;-88;0;44,2;"MIRANDA";403;;"1992";385,5;101;736;"30%-40%";;;;;
66941000;-20,448;-55,428;10900;"PALMEIRAS";2025-12-06 05:30:00;2025-12-06 04:30:00;2025-12-06 03:30:00;184;9;51;25;34;0;0;"AQUIDAUANA";;;"2011";223;98;536;"20%-30%";;;;;
66945000;-20,478;-55,801;15700;"AQUIDAUANA";2025-12-15 08:00:00;2025-12-15 07:00:00;2025-12-15 06:00:00;353;3;168;192;174;7,6;97,6;"AQUIDAUANA";283;;"2011";316,5;114;929;"50%-60%";;;;;
66960008;-19,601;-57,437;371000;"PORTO ESPERANÇA";2025-12-15 08:00:00;2025-12-15 07:00:00;2025-12-15 06:00:00;-43;1;9;-15;-16;0;0,6;"PARAGUAI";;;;;;;;;;;;
66970000;-19,92;-57,792;372000;"FORTE COIMBRA";2025-12-13 07:00:00;2025-12-13 06:00:00;2025-12-13 05:00:00;-100;0;-6;;-16;0;0;"PARAGUAI";-50;;"1988";51,5;-142;341;"0%-10%";;;;;
67030000;-21,099;-57,844;546000;"BARRANCO BRANCO";;;;;;;;;;;"PARAGUAI";;;;;;;;;;;;
67100000;-21,7;-57,891;576000;"PORTO MURTINHO";2025-12-14 07:00:00;2025-12-14 06:00:00;2025-12-14 05:00:00;146;0;-6;-19;-94;0;0;"PARAGUAI";167;;"1982";290,5;118;620;"0%-10%";;;;;
71200000;-27,803;-49,779;1010;"Vila Canoas";2025-12-15 08:00:00;2025-12-15 07:00:00;2025-12-15 06:00:00;144;-6;10;-4;-79;8,6;8,6;"CANOAS";;;;;;;;;500;600;700;"Normal"
71300000;-27,702;-49,84;2000;"Rio Bonito";2025-12-15 08:00:00;2025-12-15 07:00:00;2025-12-15 06:00:00;197;-48;68;9;-109;0;0;"CANOAS";593;;"1990";169;42;716;"60%-70%";;;;;
71350001;-27,508;-50,113;3230;"Encruzilhada II";2025-12-15 08:00:00;2025-12-15 07:00:00;2025-12-15 06:00:00;230;-50;76;36;41;0;0,4;"CANOAS";452;;"2017";201;110;592;"50%-60%";;400;500;600;"Normal"
72715000;-26,896;-51,076;801;"Rio das Antas";2025-12-15 08:00:00;2025-12-15 07:00:00;2025-12-15 06:00:00;149;-2;3;-4;-12;0;4;"DO PEIXE";161;;"1997";144;62;243;"50%-60%";;250;350;450;"Normal"
72810000;-27,088;-51,258;2010;"Tangará";2025-12-15 08:00:00;2025-12-15 07:00:00;2025-12-15 06:00:00;84;-4;1;-3;-18;0;3;"DO PEIXE";97;;"2022";88;66;188;"30%-40%";;350;450;550;"Normal"
72849000;-27,159;-51,481;3710;"Joaçaba I";2025-12-15 08:00:00;2025-12-15 07:00:00;2025-12-15 06:00:00;117;-7;7;-12;-33;0;2,6;"DO PEIXE";193;;"2014";125,5;60;370;"50%-60%";;700;800;900;"Normal"
73770000;-26,818;-52,734;5550;"Porto Fae Novo";2025-12-15 07:45:00;2025-12-15 06:45:00;2025-12-15 05:45:00;148;-6;18;11;3;0,2;0,8;"CHAPECÓ";195;;"1983";118;70;428;"60%-70%";;;;;
73960000;-27,042;-52,954;8240;"Barra do Chapecó Aux.";2025-12-15 08:00:00;2025-12-15 07:00:00;2025-12-15 06:00:00;169;-4;16;-3;-9;0;2;"CHAPECÓ";229;;"1983";171;136;416;"40%-50%";;520;630;700;"Normal"
74100000;-27,176;-53,23;61900;"Iraí";2025-12-15 08:00:00;2025-12-15 07:00:00;2025-12-15 06:00:00;179;-70;-21;-100;51;0;0,8;"URUGUAI";248;;"1983";192;106;810;"40%-50%";;500;600;800;"Normal"
74295000;-27,013;-53,295;300;"Linha Jataí";2025-12-15 08:00:00;2025-12-15 07:00:00;2025-12-15 06:00:00;73;-1;10;6;0;0;1,6;"IRACEMA";89;;"1983";72;58;320;"50%-60%";;600;700;800;"Normal"
74300000;-26,588;-53,454;814;"Guatapara de Baixo";2025-12-15 07:15:00;2025-12-15 06:15:00;2025-12-15 05:15:00;55;-1;0;-1;-2;0,6;6,6;"DAS ANTAS";86;;"2013";79,5;58;567;"Mínima-0%";;700;900;1100;"Normal"
74320000;-26,682;-53,286;609;"Ponte do Sargento";2025-05-12 10:00:00;2025-05-12 09:00:00;2025-05-12 08:00:00;-13;2;0;1;0;0;0;"SARGENTO";;;;;;;;;;;;
74329000;-27,172;-53,71;72300;"Itapiranga";2025-12-15 07:15:00;2025-12-15 06:15:00;2025-12-15 05:15:00;133;-19;-8;-34;25;0;0,2;"URUGUAI";206;;"2023";129;74;871;"56%-67%";;500;600;730;"Normal"
74500000;-27,302;-54,14;82300;"Alto Uruguai";2025-12-15 07:30:00;2025-12-15 06:30:00;2025-12-15 05:30:00;190;13;16;-9;15;0;0,2;"URUGUAI";246;;"1965";156;11;1444;"50%-60%";;1700;1900;2100;"Normal"
74720000;-27,578;-54,683;90700;"Porto Mauá";2025-12-15 07:30:00;2025-12-15 06:30:00;2025-12-15 05:30:00;265;-36;7;2;-6;0;0;"URUGUAI";331;;"2023";244;157;423;"57%-71%";;800;950;1050;"Normal"
74800000;-27,853;-55,026;95200;"Porto Lucena";2025-12-15 07:30:00;2025-12-15 06:30:00;2025-12-15 05:30:00;118;-22;5;8;-11;0;0;"URUGUAI";171;;"2014";105,5;20;558;"50%-60%";;800;900;1000;"Normal"
75230000;-28,355;-54,268;5440;"Santo Ângelo";2025-12-15 07:45:00;2025-12-15 06:45:00;2025-12-15 05:45:00;145;-3;9;-1;-5;0;0,2;"IJUÍ";173;;"1992";132,5;56;487;"50%-60%";;;;;
75550000;-28,182;-55,643;116000;"Garruchos";2025-12-15 07:30:00;2025-12-15 06:30:00;2025-12-15 05:30:00;169;16;51;12;-22;0;0;"URUGUAI";284;;"1983";116;-31;1158;"50%-60%";;1300;1400;1500;"Normal"
75780000;-28,624;-56,037;125000;"Passo São Borja";2025-12-15 07:45:00;2025-12-15 06:45:00;2025-12-15 05:45:00;275;21;32;13;-40;0;0;"URUGUAI";450;;"2014";226;34;993;"60%-70%";;;;;
75900000;-29,118;-56,554;131000;"Itaqui";2025-12-08 07:00:00;2025-12-08 06:00:00;2025-12-08 05:00:00;201;-13;-263;-99;-263;0;0;"URUGUAI";465;;"1983";196,5;-9;918;"40%-50%";;630;730;830;"Normal"
76251000;-30,97;-54,693;462;"Dom Pedrito";2025-12-15 07:30:00;2025-12-15 06:30:00;2025-12-15 05:30:00;492;-26;111;95;72;0;0;"SANTA MARIA";466;;"2002";416;353;755;"70%-80%";;;;;
76300000;-30,281;-54,903;6010;"Ponte Ibicuí da Armada";2025-12-15 07:45:00;2025-12-15 06:45:00;2025-12-15 05:45:00;74;-18;99;94;71;0;4,4;"IBICUÍ DA ARMADA";22;;"1997";60;-24;495;"40%-50%";;600;650;700;"Normal"
76310000;-30,243;-54,917;12100;"Rosário do Sul";2025-12-15 07:30:00;2025-12-15 06:30:00;2025-12-15 05:30:00;29;-12;117;110;78;0;8,8;"SANTA MARIA";-18;;"1992";119;-151;520;"0%-10%";;450;550;650;"Normal"
76560000;-29,596;-55,481;29400;"Manoel Viana";2025-12-15 07:30:00;2025-12-15 06:30:00;2025-12-15 05:30:00;330;;173;136;75;0;4,8;"IBICUÍ";238;;"2024";215,5;90;937;"70%-80%";;760;860;960;"Normal"
76742000;-29,951;-55,6;1160;"Passo do Osório";2025-12-15 07:45:00;2025-12-15 06:45:00;2025-12-15 05:45:00;64;-13;34;14;-11;0;0;"ARROIO CAVERÁ";123;;"2019";78;8;486;"40%-50%";;;;;
76750000;-29,768;-55,788;5867;"Alegrete";2025-12-15 07:15:00;2025-12-15 06:15:00;2025-12-15 05:15:00;190;-47;90;79;51;0;0;"IBIRAPUITÃ";264;;"2019";118;63;985;"70%-80%";;750;850;970;"Normal"
76800000;-29,309;-56,055;42500;"Passo Mariano Pinto";2025-12-08 07:00:00;2025-12-08 06:00:00;2025-12-08 05:00:00;110;-4;-28;-90;-142;0;0;"IBICUÍ";205;;"1992";135;16;844;"30%-40%";;700;750;800;"Normal"
77150000;-29,749;-57,089;190000;"Uruguaiana";2025-12-15 07:30:00;2025-12-15 06:30:00;2025-12-15 05:30:00;286;7;2;9;-89;0;0;"URUGUAI";;;"1983";282;88;936;"50%-60%";;650;750;850;"Normal"
77500000;-30,384;-56,466;4570;"Quaraí";2025-12-15 08:00:00;2025-12-15 07:00:00;2025-12-15 06:00:00;131;-32;63;67;33;0;4,2;"QUARAÍ";101;;"2001";65;23;893;"70%-80%";;600;750;950;"Normal"
82009800;-25,213;-48,489;227;"TAGAÇABA";2025-12-15 07:30:00;2025-12-15 06:30:00;2025-12-15 05:30:00;146;14;10;;;2,6;4,2;"TAGAÇABA";;;"2022";152;140;167;"17%-33%";;;;;
86472000;-29,098;-51,7;13000;"Linha José Julio";2025-12-15 07:30:00;2025-12-15 06:30:00;2025-12-15 05:30:00;479;39;152;188;94;0;0;"TAQUARI";336;;"2023";284;244;402;"100%-Máxima";;;;;
86472600;-29,178;-51,732;;"Santa Tereza";2025-12-15 07:45:00;2025-12-15 06:45:00;2025-12-15 05:45:00;331;15;143;123;77;0,6;0,6;"TAQUARI";;;;;;;;;;;;
86510000;-29,167;-51,869;16000;"Muçum";2025-12-15 08:00:00;2025-12-15 07:00:00;2025-12-15 06:00:00;311;9;171;112;100;0;0;"TAQUARI";193;;"2023";157;64;839;"90%-100%";;;;;
86720000;-29,234;-51,855;19100;"Encantado";2025-12-15 08:00:00;2025-12-15 07:00:00;2025-12-15 06:00:00;168;-6;147;108;110;0;0;"TAQUARI";93;;"2023";166;71;682;"50%-60%";;;;;
86879300;-29,473;-51,962;22472;"Estrela";2025-12-15 08:00:00;2025-12-15 07:00:00;2025-12-15 06:00:00;1283;-21;-10;-1;7;0;5,4;"TAQUARI";1290;;"2024";1293;1283;1298;"0%-33%";;;;;
87160000;-29,336;-51,189;2030;"Nova Palmira";2025-12-15 08:00:00;2025-12-15 07:00:00;2025-12-15 06:00:00;130;-6;6;-3;-13;0,2;0,2;"CAÍ";176;;"2024";69;2;284;"90%-100%";;;;;
87170000;-29,59;-51,383;3030;"Barca Do Caí";2025-12-15 08:00:00;2025-12-15 07:00:00;2025-12-15 06:00:00;226;-12;42;24;6;0;0;"CAÍ";406;;"2024";183;132;937;"70%-80%";;500;700;1050;"Normal"
87270000;-29,701;-51,441;4360;"Passo Montenegro";2025-12-15 08:00:00;2025-12-15 07:00:00;2025-12-15 06:00:00;98;-12;20;11;-4;0;0;"CAÍ";190;;"2024";93;25;605;"50%-60%";;;;;
